"","date_utc","timestamp","title","text","subreddit","comments","url"
"I made a fantasy race recently for an unnamed world I'm making.8","2023-03-10",1678415138,"I made  fantasy race recently   unnamed world Im makng","They  called ashborn I    knd  pctures   I   s  etremely long pece  tet eplanng m The world doesnt   name    typcal fantasy deas lke many gods nonhuman races  world tree  lot  magc etc I    parts   world eplaned lke ths yet  I fgured Id show  I    put t   crtcsm Sorry   long t s

Ashborn Physcal Trats Ther body shape s    average human wth   varatons  occur n humans   heght  weght They   however possess  knd  seual organs snce    made  nstruments  war see ashborn hstory Ther skn depends   ashes   born  see Ashborn concepton  vares  black  whte wth many greys n  Ther skn may also  cracks  fre n  dependng  freshness  ashes see Ashborn concepton Ashborn eyes  qute dfferent   races wth  whtes  r eyes beng black  r pupls  rses beng   color across  members   race beng     secton   eye s made    ragng fre Ther har  eyebrows  also made  fre  tend  flow wth  wnd n   way  regular fre Ther har grows    normal har  can   cut wth  precse handlng  water  waterrelated blades The fre  makes  r har s always pleasantly warm  f eperencng ntense emotons especally anger r har can burn much hotter   pont  meltng metal Lastly  ashborn  etremely weak  water wth  much eposure beng able  kll  ashborn


Ashborn Concepton Ashborns   r name mples born  ashes Apart   frst famly  ashborns see ashborn hstory every ashborn s created  anor  large ples  ashes The color  freshness  ashes   large mpact   appearance   ashborn created The color  ashes changes  skn color   ashborn created  freshness can add new detals  r skn One eample  ths s  f  ashes  stll smolderng n  new ashborns skn wll also  smolderng although ths  one day go away f  ashborn s suffcently cooled


Ashborn Lfespan When ashborns  made   usually made  small chldren lookng much lke  normal human chld That also means   skp  baby stage  lfe although  physcally meanng  stll   knowledge  ablty   newborn Ashborns can lve  long   receve bursts  etreme heat every  years often accomplshed  jumpng nto  volcano see ashborn socety  can also  done n  ways   magcal fre   long perod  tme spent n  regular fre So long   receve ths heat  can lve forever


Ashborn Hstory Ashborn   ancent race  date back   years n whch    world  veled n war Ths led  unprecedented death   meant  people   fnd easer ways  dspose  corpses Ther natural response   burn  corpses n large ples untl   nothng  ash Ths angered  pacfst god  fre known  Emr snce  ddnt want  creaton   blessed upon  world   used   purposes Ths led  hm rasng  army  ashborn   ash ples  across  world orderng m  attack  warrng races ndscrmnately untl  ceased r sacrlegous acts The ashborn followed orders     years  forced  people  stop burnng r corpses n   way  began  queston r purpose They receved   gudance  Emr   attempted  assmlate nto  rest  socety However   many attacks   people faced   ashborn people refused r assmlaton  shunned m  places gong  far    mages wth water magc   ready  kll  ashborn  sght Ashborn around  world prayed  Emr daly   years  prayng  persecuton Emr fnally asssted  Ashborn  creatng large sectons  volcanc land  cooperatng wth Ruana  goddess  earth Ashborn around  world flooded   lands makng m r   formng r  socetes based   ones  saw n   races For decades   ashborn lved r lves away   rest   world   pont    becomng nothng   scary stores  tell r chldren However accordng  legend   changed wth  noble ashborn warror known  Segmre  Tempest Segmre supposedly went   journey around  world  kll  malevolent god On ths journey  s sad   helped break stereotypes n hs race along wth hs sster  devlknd  orc   dusk elf Ths led   ashborn takng anor shot  jonng  rest  socety  though  response  etremely negatve  frst  ashborn  now far  normalzed n socety   people  even ntegrated nto ashborn socety


Ashborn Socety Because  ashborn came nto ths world wth  pror knowledge    dea   functonng socety    knowledge  got  attackng ctes  mnmal Thus   ashborn  gven homes    unorganzed havng  real leader  nstead just havng many unspoken rules  vared based    town  facng Ths much lke  ashborns publ mage changed wth Segmre  Tempest Wth hs help breakng   stereotypes surroundng  ashborn   able  learn    socety   races  adopt   r customs  r  The man addton  r socety   addton  government somethng   barebones   best   warrors actons The adopton  government  nconsstent   ashborn snce   found   contnents       glean  nfo   socetes  found around m The  prevalent government   smple town councl  every ctzen  vote  propose new laws Because    ths r socety flourshed    able  ft n wth   cultures around  world


Ashborn Names Ashborn tend   names related  somethng  someone  r parents eperenced  met  r journeys Names based  places  thngs n journeys  usually genderless   namng  chld Dragon  Forest Names based  people wll  used   gender   person    Alca  Aleander Some ashborn  known  change r name f  fnd somethng  r journey  truly astounds m although  older ashborn see ths   henous breach n tradton Ashborn last names   rare occurrence usually  occurrng   parents somehow got nto noblty   parents couldnt decde  two names


Ashborn Culture The ashborn    much  r  culture   parts      mportant  m  anythng Ashborn relgon s manly focused  worshpng Emr wth  smaller facton worshpng Ruana  well Some ashborn also adopted  relgons   cultures   people    far  due   major debt   ashborn owe  Emr  Ruana In terms  ashborn marrage t s  ceremony n whch  two ashborn n queston take  plunge nto  volcano toger forweek durng whch  two ashborn wll spend every moment toger n harmony bondng mselves   long    shall lve After  two leave  volcano  usually make r  chld    ashes around  volcano although  ashborn choose   f  dont feel ready The act  makng  chld s   ntmate act  two ashborn can engage n  t s seen  taboo  anyone else  watch ths ceremony After   marred ashborn wll often go  long journeys around  world wth r spouse  chldren  years  endng  r chld s old enough  fght After ths  famly wll settle  somewhere  fnsh rasng r chldren Once  chldren  deemed old enough  r parents  wll set  nto  world  fnd r  purpose   cycle eventually repeats agan


Ashborn Of Note The  well known ashborn s  noble warror Segmre  Tempest  ashborn swordsman   cursed   god  twlght whose name remans unknown Segmre went  hs journey wth hs sster Avelna  many ors He earned hs ttle   tempest  hs journey due  hs sgnature flamberge longsword enchanted wth lghtnng On hs journey  slayed  dragon toppled  despcable kng  klled  god  cursed hm After ths hs  party vanshed fadng nto legend However many people assume   warror  forced  take  place   god  lve  untl anor grows tred  hm Segmres sster Avelna  also  famous warror She   noble archer  f stealng  every  f  returnng  goods  r rghtful owners Avelna also went   journey wth Segmre  kll  god  twlght     great help f  beleve legend Much lke  rest   party  also vanshed However recently re   talks   feryhared f    gong around stealng     vle carryng  bow   famlar flamberge sword The fnal ashborn  note s Greysen Ironsde  member   orgnal ashborn army created  Emr   years ago Greysen  one  f   strongest warror n   ashborn army leadng m  trumph n  battle  fought n He   charsmatc man    army admred  hs skll wth  ae  unrvaled n hs tme Unfortunately  met hs end durng  fnal battle  fought n tryng  save  defenseless group  ashborn  death However legend says   s stll n  afterlfe today   whenever  hear  thunder n  sky  s Greysens ae crackng one  skull

And thats  end Any questons  reccomendatons","worldbuilding",2,"https://www.reddit.com/r/worldbuilding/comments/11nbwcv/i_made_a_fantasy_race_recently_for_an_unnamed/"
"Got tired of crap looking maps. Made my own board and terrain5","2023-03-10",1678481770,"Got tred  crap lookng maps Made   board  terran","Scrap pece  cabnet grade Baltc brch  random peces  scrap wood  make modular terran   dd campagn","DungeonsAndDragons",1,"https://www.reddit.com/r/DungeonsAndDragons/comments/11o0lla/got_tired_of_crap_looking_maps_made_my_own_board/"
"73153","2023-03-10",1678418354,"KM Cotw What  r lore frendly companon bulds   concepts  mne","H

Kngmaker Call   Wlds
What  r lore frendly companon bulds
dd  make far n game chapterstart   major spoler plz f possble
mne   now low dffculty
gt Valere Fghtertactcal leader archetype twf heavy blade  bash n plan twf fent f ftslt
gt Amr BarbRage tactan archetype superstton rage lne  cleavelt
gt Harrm Warprset SacredFstorHolyVndcator Crusaders Flurry wth heavy flal anywaywolf style Destructon  Madness blessnglt
gt Jaethal Clerc Undead LordSacred Hunter Master Channel scourge  channel smte wth Scylt
gt Lnz BardEnchanment  Illuson feats knda want  force glave  herlt
gtOctava Wzard Eplotertransmutaton  conjufaton feats  sneak  AT lvls knda hardDragon  Ecclesurge gonna st home  lke Havent met  restlt
gt MCshades  ndecsve respecs wanna shapeshftlt
gtAll wll waste r frst feat  Bonded Mndlt
gtAll wll take Fates Favored tratlt
gtMelee wll take Pared Opportunstslt
gtCasters wth petsfamlars wll take Share spelllt","Pathfinder_Kingmaker",2,"https://www.reddit.com/r/Pathfinder_Kingmaker/comments/11nd4ps/km_cotw_what_were_your_lore_friendly_companion/"
"22109","2023-03-10",1678450913,"   fnd  shsat score breakdown","f  remember correctly last year re   shsat score breakdown avalable showed  score  got   secton etc maybe m just blnd  s somethng smlar avalable ths year  f   can  fnd t thank ","SHSAT",2,"https://www.reddit.com/r/SHSAT/comments/11nnpdy/where_do_we_find_the_shsat_score_breakdown/"
"How to deal with side talk at the table.4","2023-03-07",1678226285,"How  deal wth sde talk   table","My almostyears   game s almost   end That   longer campagn I ever ran At frst I ddnt know almost none   players I found   m   nternet  started  group wth  frend  mne I ddnt pck  choose  players    thanyears dmng  m  dd anor game around covd tmes I realzed   just dsruptve players    low  zero nterest   world  msson   dong That tends  lead   lot  sde conversatons  loud  sometmesplayers  talkng  I cant hear   player   hs turn s tryng   On  last game I called m   t  slowly  conversatons started  buld  back agan My net gamng group wll  defntely  thought  I ntend    player   whle  try  pck  choose players    bt  nterested n  story n front  m   least   respectful Anyway   I   try  mtgate  problem   last  sessons We   lmted number  sessons   spend  much tme  game  sde conversaton    pont  nvolvng almost  whole table","DnD",11,"https://www.reddit.com/r/DnD/comments/11lcrcs/how_to_deal_with_side_talk_at_the_table/"
"Thinking about Ranger3","2023-03-10",1678462420,"Thnkng  Ranger","I   thnkng    Ranger     bad reputaton   long    changed  ntroducng  optonal class features va TCE One   man thngs I  thnkng  s    thnk  Ranger  usually thnk   nature warror    pet

What I  thnkng s  f Ranger  worked n  way   get  eploraton abltes   pet   class core features I feel lke t   better  make  subclasses  lke  Drud subclasses enhancng  pet  beast master  rself wth swarm keeper

Does anyone else   thoughts  ths I feel lke f  beast master  just  core class t     ts  dentty  just  nature fghter  drud warror lke   Paladn s loved  ts auras  smtes

TLDR I thnk  rangers  just get beast master  subclasses  focus   lke Wldshape","DnD",11,"https://www.reddit.com/r/DnD/comments/11ns9cf/thinking_about_ranger/"
"41189","2023-03-10",1678413159,"Results  ChatGPT survey  foregn language learnng","Last month I shared  survey study I  conductng  ChatGPT  foregn language learnng Ive fnshed analyzng  data   lke  provde  summary   results For    nterested fgures related   results can  found   lnk 



Id lke  thank everyone  took  tme  complete  survey In total I recevedcompleted responses Respondents ncluded language learners ofdfferent foregn languages wth Japanese Englsh Spansh German  French beng   studed languages among  partcpants Notably  survey ncluded learners  several less commonly studed languages   Esperanto Turksh Tagalog along wthor languages   studed   sngle partcpant 

The  common uses  ChatGPT  foregn language learnng wereconversaton practcelanguage learnng materalvocabularygrammarandcorrectve feedback 

The Lkert tems pont scale  based   two prmary constructs   Technology Acceptance Model TAM Davsperceved usablty PU  perceved ease  use PEOU TAMbased results  medpartcpants  splt   PU  ChatGPT  foregn language learnng whle  respondents  favorable vews   PEOU  ChatGPT  learn  foregn language

Several mes  dentfed   openended responses The  frequently commented  mes wereAccuracyAccessbltyConvenenceLmted usabltyandPersonalzed language learnngThe mes related  accuracy  accessblty  ehbted n  postve  negatve ways Specfcally four respondents remarked postvely  ChatGPT accuracy whlehad negatve comments   tools accuracy For accessbltyrespondents comments  dentfed  postve  three  dentfed  negatve

Thanks agan  r help  feel free  leave comments  questons ","learndutch",0,"https://www.reddit.com/r/learndutch/comments/11nb47p/results_of_chatgpt_survey_for_foreign_language/"
"[Spoilers 6.35] Is it just me or..?13","2023-03-08",1678252170,"SpolersIs t just  ","Have  Mandervlle quests  teasng obvous bltzball moves snce","ffxiv",27,"https://www.reddit.com/r/ffxiv/comments/11ln2yw/spoilers_635_is_it_just_me_or/"
"50102","2023-03-09",1678399634,"bron hgh school  scence dscord server","congratulatons  makng t  bron hgh school  scence  proud  rself t wasnt easyjon  dscord server re   lot  upperclassmen  wll dscuss terms wth ","SHSAT",1,"https://www.reddit.com/r/SHSAT/comments/11n5f7n/bronx_high_school_of_science_discord_server/"
"Rokas Malinauskas Power Die sandbox system for managing NPCs, organizations and economies31","2023-03-09",1678334386,"Rokas Malnauskas Power De sandbo system  managng NPCs organzatons  economes","So I found ths cool dea n hs vdeo  n looked   correspondng blog post





But  revewng t  thoroughly Im afrad I dont actually understand t enough  get gong   

Is re anyone   heard  ths system  knows   run t n  detal  even better   reference descrbng ths system n detal And addtonally   know    smlar ways  quckly add depth  lfe   world behnd  scenes s somewhat smlar  ths power  system

For     want  tldr 

NPCs organzatons gulds towns  even kngdoms f d lke   power  Power   D D D D  D Enttes start  levelwth  D   can upgrade r power    net one  payng  fee n gold gold  levelng   power  s n  table n  lnked artcle 

After  sesson   entty roll r D  n f  succeed r power  The power  gets m  beneft A merchant wth  levelpower  D mght roll t  get aSo  mght craft two healng potons  sell two tems  make  gold n proft  recrut two people  workng n  shop  runnng odd jobs  whatever Rokas ddnt go   say much else    actons  power      types  NPCs  gulds  kngdoms 

So  ssue s  ddnt flesh  system  enough Wthout   nput   thought s  come  wth    actons     enttes  Sure Im  DM Im creatve  I can   But Id rar use someone elses work knowng ve already thoroughly thought  ths  balanced t somewhat

Thanks","DnD",0,"https://www.reddit.com/r/DnD/comments/11mi1rn/rokas_malinauskas_power_die_sandbox_system_for/"
"M3: The Android Avenger #ChatGPT #StableDiffusion #AI #Story #Blog #Superhero #SciFi #Fantasy4","2023-03-07",1678207111,"M The Androd Avenger ChatGPT StableDffuson AI Story Blog Superhero ScF Fantasy","M The Androd Avenger
ChatGPT StableDffuson AI Story Blog Superhero ScF Fantasy","ChatGPT",3,"https://www.reddit.com/r/ChatGPT/comments/11l452w/m3_the_android_avenger_chatgpt_stablediffusion_ai/"
"14721","2023-03-09",1678402742,"Can  ban chatGPT postsmove m nto  megathread","Im sorry   tool  bounce stuff   propretary advanced autocomplete engne  mostly ests  harvest rubes data   lttle   wth lnu    happen  call t   lnu bo    needposts  t   frontpage

And whle   heavly downvoted reddt sucks  stll shows posts wth negatve karma   front page

So    least   megathread  temporary ban  chatGPT posts  least   couple  weeks    credulous rubes wll  gvng r data  BngBardBoredAppClubTheNetBgThng

rChatGPT ests","linux",337,"https://www.reddit.com/r/linux/comments/11n6tq3/can_we_ban_chatgpt_postsmove_them_into_a/"
"[H] Company of Heroes Steam Key [W] $35 pp or something Equivalent1","2023-03-07",1678223548,"H Company  Heroes Steam Key Wpp  somethng Equvalent","I got ths one   frend   already bought t  steam And I    nterest n strategy games



Ths s  reputaton page  steamtrades  re  can see  add   steam  well","GameTrade",0,"https://www.reddit.com/r/GameTrade/comments/11lbizu/h_company_of_heroes_steam_key_w_35_pp_or/"
"Need some ideas of how to lead my players to their end goal","2023-03-07",1678219237,"Need  deas    lead  players  r end goal","I  frst tme dm  n wrtng   home brew story n  We  early    party  sent  retreve  artfact   arch Drud   Drud  save  town They    return   Drud  I wll reveal   s actually  campagns man antagonst I thnk  already suspect hm I gave  guy enough tools  kck  partys ass get  artfact  escape Wth ths artfact n  hands  BBEG  wll eventually get  sort  catastrophc event Im dong ths   party   clear goal n mnd wthout  just tellng m   goal   I want  party  seek   BBEG  defeat m  along  way  need  level   bunch  fnd  clues  lead m re My ssue s Im  really sure     n  way  snt ralroadng  party  I also want  leave space  re  personal quests 

A  fnal notes  contet I put m n   natury contnent   major settlements   odds wth  wld nature I wanted  eplore mes  colonalsm  ndustralzaton nspred  bt  prncess Mononoke 

So f anyone   tps  deas Id really apprecate  nspraton","DnD",3,"https://www.reddit.com/r/DnD/comments/11l9k7y/need_some_ideas_of_how_to_lead_my_players_to/"
"DM Appreciation Stories8","2023-03-10",1678465168,"DM Apprecaton Stores","Ive  seeng vdeos  artcles lately   shortage  DMs    shft n mechancs complety epectatons  DnD  turned  new DMs  takng  leap  runnng  game

The frst DM I played wth   genunely awesome guy  spent hours wth  outsde   game helpng buld  character created art   mnature token eplaned  core mechancs   frend n  group even lent   players handbook  get started The frst sesson I joned r ongong campagn  one    memorable eperences I   ths day re   epc encounter   rest   group saved  PC   evl wzard  helped  character eact revenge The DM   players   etremely welcomng  made  whole eperence loads  fun

I just really apprecate   tme  effort   DMs put n  brng toger  group  frends  share  sacred tme toger   table I hope ors  enjoyed  moments   understand  true sprt   game

Cheers","DnD",0,"https://www.reddit.com/r/DnD/comments/11ntgaw/dm_appreciation_stories/"
"27141","2023-03-06",1678109709,"Future  AI n smartphones","When   guys thnk  wll   AI lke chat gpt ntegrated n  phones I mean although   Bby Sr Google Assstant  doesnt seem  smart  chat gpt I really want  see  Jarvs  ron man sht lke lol

But really I thnk   phone wth  AI   actually chat wth  learn r habts   lkes  dslkes  remember     really nterestng 

You guys thnk    possble","ChatGPT",5,"https://www.reddit.com/r/ChatGPT/comments/11jz4b4/future_of_ai_in_smartphones/"
"Forgotten Realms Travel Time8","2023-03-10",1678477275,"Forgotten Realms Travel Tme","I mght  DMng  group n  fall  m thnkng  startng n  publshed adventure  n makng t  open world Out  curosty   wonderng f anyone knew   book  dm guld  somethng    dstances 
One locaton  anor n  Forgotten Realms f  party wanted  go  Waterdeep  Corymr  somethng","DungeonsAndDragons",2,"https://www.reddit.com/r/DungeonsAndDragons/comments/11nyol0/forgotten_realms_travel_time/"
"Free Charity One-Shot (Rivers of Pollin)6","2023-03-08",1678289622,"Free Charty OneShot Rvers  Polln","Its  For  past  months I   workng   orgnal story   DD one shot All  proceeds wll  gong   Bumblebee Conservaton Trust Its   really fun tme workng    art  creatng  fun story  helps rase awareness   conservaton Hopefully ths story leaves  wth  sweet concluson 

You can fnd  book  Rvers  Polln

Also donate   bumble bee conservaton trust  Donate Here","DnD",0,"https://www.reddit.com/r/DnD/comments/11lzcup/free_charity_oneshot_rivers_of_pollin/"
"27148","2023-03-10",1678465918,"Lets Have Fun Wth Arcane SpellsEnchantment School A seres n whch I tell   bunch  thngs  can  wth   Arcane spells n  game","A school wth    spells  yet      character lmt agan lol   fnal secton s n  comments



Frst   heres partof  seres Necromancy f  mssed t

Second  ths s  school wth fewer spells  cover     lot   spells    less   thng charm  leave  enemy helpless Im also gonna talk  lttle bt  Enchanters mselves    Enchantmentrelated tems

Thrd I cut   t  secton  eplans   spell   ths   future threads cause  Necromancy thread  ths one went beyond  character lmt  re   schools  cover    lot  spells  f   know  absolute bascs just read  ngame spell descrptons  obvously Im stll gonna pont  whats  covered  m  well      noteworthy ponts

Importantly f  spell gnores magc resstance Ill menton t orwse t doesnt



ENCHANTMENT

Charm Person

To avod repeatng thngs  general charm strateges  covered n  separate secton near  end  check   later

Dont forget  ths spell  affects humansze humanods  smaller    spell descrpton  provdes eamples ts   ehaustve lst eg Mephts   lsted  yre affected

Castng tme ofs amazng That means  can even use ths  spellcastng dsrupton preferably f re  Enchanter cause Mages  good saves though   crappy saves n BGEE Look   charmng one  wth  MageThef thats gonna show   lot later

A save vs spells wth abonus mght  seem great  keep n mnd  tll stll work well aganst  lot  creatures n BGEE  even BGEE Ths s   DD ts  well wth    elements thngs  keep scalng  absurd levels For eample Ragefast  actual named Mage   fnd n  mdlategame area   save vs spells ofand r average Bandt lke  n  Bandt Camp   crappy save vs spells ofThe worst ll generally run nto n BGEE outsde  Sarevok hmself s  save vs spells oflke wth goddamn Ettercaps    Sarevoks companons   fnal battle n BGEE  even   stll techncally vulnerable   regular Mage usng ths spell Dont ask    rando lke Zordral  Mage threatenng  lady n  Nashkel Carnval tent   save vs spells ofwhch s better       aforementoned fnal bosses The fuck

Not gonna spend ages lstng savng throws   just  gve   dea   enemes  smply scale  absurd levels even n Throne  Bhaal thnk  Senda yes  hasmagc resstance  s mmune  charm thats   pont Im  tellng   use ths spell aganst  Shes  major boss n Throne  Bhaal  whats  save vs spellsIts worse  freakng Zordrals  dude whose name    look   remember  thnk   knd  saves r average mob  even n Throne  Bhaal  s worse   mght epect  godlke stuff

Enchanters   massve advantage usng ths You can just flng t left  rght  throughout  game  re bound  charm  lot  people wth  save vs spell wth abonus I mean thnk  t Dre Charm s  levelspell thats eactly lke ths one ecept wthout  save bonus  wth  longer castng tmevsSo  Enchanter bascally turns  levelspell nto  levelone stll hasbonus  t  better CT

A lot  humanods  ofc humans  tend   regular classes   wear  saveenhancng gear  f  know r savng throw progresson tables  can fgure   mght  good  bad save vs spells eg prest  warror classes tend    worst whle rogues  wzard classes   best Regardless I thnk   try  charm even creatures wth good saves lke Mages cause f   get t  effect s massve  f     wasted  levelspell   round   worst thng n  world

All  need s  chance  ths  work  t  beng mpossble cause  can mprove r odds wth saveworsenng spells  f re  nonEnchanterInvoker puttng ths nto  Mnor Sequencer

But actually EnchantergtThef duals can put ths spell nto  Mnor Sequencer eventually   get Use Any Item It just takes  scroll But  can actually  t wthout scrolls  learnng  spell va  eplotng wth UAI I eplan t n  secton  Enchanters  tems  I talk  dualng Enchanters nto Theves I thnk ts  far eplot cause f  can cast t   scroll already n  cant  scrbe t Plus ts   super easy thng  accomplsh You need UAI   Specalst Mage As  former DM I gve  permsson  use t lol



Frends

BGEE   lot  reactonrelated  just Charsma  many people thnk Charsma s just  part  reactons  reacton takes nto account r reputaton  well rewards  even companons  requre  bare mnmum  er Charsma  reacton  jon BGEE   lot less    res stll  stuff  happens especally   lower end eg  need  pay  get nto  back rooms   Copper Coronet f r reactonCharsma s  crappy

Most mportantly ths allows   easly reach Charsma cap  shop dscountseven n BGEE



Sleep

Classc BGEE cheese spell wth  looooooong duratonrounds per level   massve area  effect  bt larger   Freball IIRC Sleep s one   least ressted effects  re ecept  n Undead  Elves  enemes reman helpless throughout  whole duraton ecept n Icewnd Dale Enhanced Edton   wake   gettng ht 

Take note t rolls  save vs death wth apenalty  vs spells Dont ask   though

Also worthy  note s  ths spell actually   worse level coverage   Clercs Command  t comes  t workng wthout  save Ths doesnt affect creatures  levelwhle  Clerc spell  nflct sleep  levelenemes wthout  save

Levelsstll cover  sgnfcant enemes n BGEE  eample Ankhegs yre  levelIn fact Ankhegs  stll leveleven  found n BGEE   Corrupted Ankhegs n EEonly content   level 

In ory  can level dran enemes  m   affected  ths even n BGEE wth  Totemc Druds Sprt Wolves  levelbut snce ts  castanddone spell  opposed  say  cloud  lngers ts nearly mpossble  know   enemes  reached  low enough level   affected   n cast  spell Plus  level s SO low ts  really compatble wth  majorty  leveldranng effects hgh level stuff

If re  Sorcerer  get ths spell cause  can use t va  Wand  Sleep nstead whch  classkt can use ecept  Wzard Slayers Or hell cast t   scroll ts cheap

Put  group  enemes  sleep  n let r Famlar fnsh m  whle  take care    ressted   mmune especally f  enemes put  sleep  equpped wth ranged weapons  takedamage per ht  melee attackers     Imp famlar  can just turn nto  Bearattacks per round  good damage

Even   Mage  can equp  offhand weapon  get  etra attack per round aganst sleepng enemes You autoht anyway   cares  THAC penaltes And  forget  can change weapons freely durng combat



Luck

Bt   meme spell due  ts ncredbly short duraton ofrounds    effect s bad

Ato luck means  bunch  thngs  manly  Mages t means  enemes can never get lucky  ht  wth meleeranged attacks past r Mrror Images So n ory   combne ths wth Mrror Image  get somesafe protecton  n keep reapplyng Luck   duraton s 

Most mportantly ths doesnt just provde Luck t also mproves Thevng Sklls multple casts   cumulatve unfortunately byncludng    etremely hard  mprove orwse wthout levellng Set Traps  Dspel Illusons Ths means  f r Thef  Famlar saway  beng able  fnddsarm  trap  open  lock beyond  normalrange cause  can open  dffcultylock wthOpen Lock  can use ths spell  make m succeed n 

In  rare case  can also use ths   MageThef  acheven pckpocket n BGEE f  happen  havewthout  use  potons  res  gear  ncrease pckpocket n BGEE    NPCeclusve tem As well see later n  charm sectonn pckpocket s  pretty mportant breakpont   awesome tactcs

In ory  Thef even one wthponts n Detect Illuson can get achance  dspellng llusons formeasly rounds va ths spell Yes Ive used ths   Rabbt Famlar  allow t  dspel  enemys Mrror Image n  past just  test ths t hlarously works



Ray  Enfeeblement

Anyone outsde  r party doesnt need  worry  encumberance   dea doesnt work unfortunately

Even  weakest enemy  encounter wll   leastSTR  means ths spell  lowers t toforroundlevel wll    least nflct apenalty  THAC andpenalty  melee damage yes  throwng tems  well whatever

A lot  warrortype enemes   leastSTR n BGEE thats apenalty  THAC andpenalty  melee damage See  Im gong The stronger  enemy  better ths spell s And even  crappy  almostcrappy BGEE enemy wll suffer   decent penalty  t Use ths   dragonSTR  yll get apenalty  THAC  apenalty  damage Too bad Demogorgon s mmune  levelspells

AFAIK re   enemes n    games   mmune  stat dran n fact res  protecton aganst t whatsoever   avodng  spell entrely   attack f thats  cause None A   protecton aganst dyng  reachngn  stat   aganst  stat dran tself

If  get ht  ths though res  bt   workaround wearng STRenhancng gear  usng spells  setmprove r STR

Ths s partcularly great  combned wth good armor class You can already reach etremely low AC even   pure Mage  f  combne  wth  THAC penaltes  can easly fnd rself n  stuaton   enemy can  ht   rollng  crtcal ht Therefore  EnchantergtFghter dual  dualed  levelcause orwse  duraton    short can put ths  great use whle wearng  sheld andor ACenhancng helmet    always f  wanna know  detals  ACstackng  tank anythng n  game I wrote  t  long tme ago  ofc ths spell makes  even easer

Its  levelspell   agan t fts nto  Mnor Sequencer whch agan even EnchanterTheves can use



Dre Charm

Not much  say  ths one Its Charm Person  levela lttle bt slower  cast CT vs CT  t doesnt gve  enemy  bonus  save whch means Enchanters nflct  ecellentpenalty   save  opposed  bonus  Charm Person Read  Charm Person part    general charm strateges part 



Hold Person

Ths s gonna    wth many  ths seres posts  Ill say t agan holdparalysssleepstun effects can pretty much  consdered nstantdeath effects f  last longer  one  two rounds hell one round alone s enough  kll  creatures especally f   summons andor party members  help fnsh m  And ths spell holds forrounds

Be sure  dualweld weapons  attackng held enemes   autoht It doesnt matter  r THAC s  f re  pure Mage

Unlke  Dvne verson  ths spell  Arcane verson actually nflcts apenalty  casts faster wth  CT ofnstead ofThat means Enchanters nflct  massvepenalty  saves aganst ths

The area  effect s really small  ts hard  get  thanenemy f   know  re dong  can let enemes surround    summonparty member  cast  m  get multple enemes  ts stll amazng  havng  area  effect Why Because  means ts  affected  Mnor Spell Deflecton Mnor Spell Turnng  Spell Trap In fact besdes m makng  save   falng r magc resstance roll   ways  Mages  protect aganst ths  Mnor Globe  Invulnerablty  Spell Immunty Enchantment ClercsDrudsShamans can cast Chaotc Commands  Free Acton   wont see many dong 

The man problem wth ths s enemes   just mmune  Hold perod lke Trolls However pretty much   m wouldnt  affected  ths spell  begn wth cause yre  humanszed  smaller humanods

The fact ths lasts forrounds perod s ecellent  early Enchanter duals  eample  levelwho  need  worry  havng  short duraton due  scalng Get surrounded  humanod enemes cast ths centered  rself cause  need  target someone  somethng   AoE wll  centered   someone  somethng  vola re surrounded  held foes

Held enemes can act  sheldsbarrers A lot  enemes comng towards  Hold two  m n  doorway  suddenly   enemes wll  able  ht  n melee Enemes wont attack   even f yre blockng  way  yre just gonna stay re blockng Ths s   naturally long duraton  ths spell s great Bascally t allows   focus   enemes frst  opposed   shortduraton hold effect  makes  focus  kllng  enemy whle ts held

Ill show  eamples   strats later n  Hold Monster part



Confuson

Unlke   mght thnk ths snt smply  worse pck compared  Emoton Hopelessness Both spells  r uses

Confuson mght  prevent  enemy  attackng entrely   t prevents m  castng spellsusng certan abltes dependng   creatures AI scrpt b wll  lkely prevent enemes  attackng  f re  close  m c makes enemes attack   untl  duraton s  whereas f  say charm two enemes  make m attack    charm wll break    f   charm one   mght attack  f r charmed creature s unable  draw aggro plus  can Freball etc confused enemes freely unlke charmed foes d t affects Elves   creatures mmune  sleep   confuson lke dragons

There s   ncepenalty   save aganst ths Ths s huge Combne t wth  Enchanters specalst penalty  ths spell becomes essentally    Chaos cast   regular Mage  spell  one level hgher Cast  levelspell wth  levelslot  good s 

A  fun thngs  can  wth ths s  cast t n  room whle blockng  door  enemes   lkely   close     consequently  lkely  ht   b cast  symbol death  enemes beat    enough  hopefully  belowhp always fun  see  bunch  enemes gettng nstaklled  

Just lke wth charm less creatures  mmune  confuson   mght epect  yre   less     ones mmune  charm   whch I menton n  charm secton

One weaker part  ths spell s  t doesnt last  long  t lasts  enough IMO especally consderng  save penalty  ts easy  reapply f  want



Emoton Hopelessness

You know t  love t Sleep s  rarelyressted status effect ecept wth Undead  Elves  t leaves enemes completely helpless  ts duraton allowng   r party memberssummonsfamlars  autoht m

Obvously Enchanters can put ths  amazng use due   penalty  nflct whch  spell lacks Consderng   hold  sleep spells  Enchantment school gets  mght  well roll wth  hghSTR dualweldng Enchanter  just keep makng enemes helpless  keep walng  m wth r Mage I show  eamples later wth Hold Monster

Of note s  fact  almost  Demons  vulnerable  sleep Ths s better eploted  usng  Pe Prck whose onht sleep effect gnores magc resstance  res nothng stoppng   lowerng  Balors   Glabrezus magc resstance  usng ths spell nstead

Note  res actually  secondary effect  caster becomes mmune  fearmorale break   duraton   spell  well So f  know  Mage lkes  open fghts wth Horror  eample n  even bor protectng rself aganst fear just start wth offense usng ths spell   try  put m  sleep  protect rself  fear   plus  probably  roll around wth Resst Fear memorzed   Mage   Nor   pck t   Sorcerer So  can just use ths nstead

The descrpton  ths spells duraton s bzarrelyworded ts justroundsper level  werdo devs



Enchanted Weapon

One   best thngs   Enhanced Edtons gve anythng aEnchantment Lasts  long tme  And t gnores magc resstance wat    matter

Whats one   bggest weaknesses  many shapeshft forms  summons The fact  ht  normal weaponsormeanng  cant face    strongest enemes n  game Well problem solved Salvaton  Shapeshfter Druds Avenger Druds Anmate Dead Skeletons Polymorph SelfImp Famlar enjoyers Anmal Summonng s Wnter Wolves enjoyers yre lke wolves wth machnes guns   strke  normal weapons      forth

Love Belmn r offhand What   Kundanen r offhand  well And  Dagger  VenomArdulas FallThe holdonhtnflctng Flamng Long Swordfrom  Rod  Lordly Mght one    underrated weapons n   games Jhor  Bleeder The Gnasher club Valygars katana Keldorns awesome eternalOPFresheldswordMalakarto protect aganst slashng attacks Namarrathat  damage lke aLong Sword Adjatha  Drnker Then  gotta love ths spell

What   Staves  FreArEarthThey can nstantly kll elementals   nasty Elemental Prnces n Throne  Bhaal ImYanCBnOgremoch can   ht wthweapons Well problem solved Elemental Prncesnstaklled

One somewhat nonsenscal thng  can  wth ths s f  somehow happen   Protecton  Magcal Weapons scrbed n r grmore   Protecton  Normal Weapons  can cast ths   enemy  strkes wth normal weapons eg  Master  Thralls n  Astral Prson  enchant r strkes  make m  blocked  Protecton  Magcal Weapons Yeah Thats  I mentoned  ths spell gnores magc resstance lol



Greater Malson

Apenalty   savng throw s already pretty substantal Apenalty s huge Combo ths wth  specalsts penalty andor wth spells  already  r  penaltes  Oof

For eample  TransmutergtClerc castng ths followed   Earthquake Inflcts  total ofpenalty  enemy saves aganst  Earthquake effect Whos savng aganst  A levelFghter    rollto  able  overcome t

Hell just  pure Enchanter can cast ths n Chaos  nflct  total ofpenalty aganst  Chaos effect Thats aroll needed    levelFghter

Everybody knows  can combne ths wth  PaladnClercRangerDrudShamans Doompenalty  saves  one fun thng   s combne t wth  Shamans Sprt Fre   achance  nflct Doom  everybody yeahchance   cast   bg group t happens  lot   can cast agan  agan cause re also dong damage n  Freballszed area Thats two areawde savedebuffs

Dont forget ths spell also nflcts penaltes   saves  just vs spells Thnk   many weapons cause nstantdeath effects onht   faled save vs death I love  use ths along wth  Slver Sword  see  bunch  souls leavng  enemes bodes Plus ths means  ths can also make Wal   Banshee super effectve  ts  AoE death effect  rolls  save vs death

Its knd  annoyng  start  fght wth  debuff lke ths cause  waste  crucal frst round  somethng  doesnt   mmedate effect   couldve  tryng  kll r enemy  charm m  whatever Well n  You can use  Chan Contngency  cast t  whatever enemy  see frst   can also  t earler va  regular Contngency thats centered  rself er run fast towards enemes wth  hasted Mage wth  sees enemy trgger  let rself  ht  trgger  ht condton Dont forget contngences arent super mmedate  take  fracton   second  trgger  ts easy  just rush n  let rself  surrounded    sees enemy condton trgger  ts convenent

Ths fts n  Spell Trgger  well   careful cause  projectle s pretty slow  ll often ht wth r  spells   Greater Malson projectle hts m



Chaos

Confuson ecept  level hgher  nflcts  furrpenalty total ofSame thng     really really really wanna make sure everybody gets confused



Domnaton

Not merely Dre Charm wth  ecellentpenalty   save cause t also works  nonhumanods Ill talk    good charmng  monsters s n  charm secton

A castng tme ofmeans ths spell can  cast nstantly wth  Robe  Vecna   Amulet  Power Ths s mportant  ths s  strongest Arcane charm spell  tem ablty n  game  res  Mass Charm  nstead   can  s spam ths spell  several enemes va Improved Alacrty  sort  emulate Mass Charm

Ths apples   spells wth penaltes ofc   forget   penalty snt just  better chance  ht wth  spell t can also    reason   spell works   enemy   For eample Sarevok   end  BGEE   save vs spells ofso wthout Greater MalsonDoom etc  cant affect hm wth  spell  smply rolls  save vs spells  need  penalty  affect hm That means Domnaton works  hm rght    gate even f ts wth  smallchance So  know ts easy  go crazy wth Power Word Reload  just spam t untl t works  hm f  want sound   reloaders furously typng n  dstance



Feeblemnd

The nstakll  end  nstaklls  enemy cant  anythng permanently ts  nstakll Youll  hardpressed  fnd somethng mmune  Feeblemndedness n  games  I can thnk   major bosses lke Demogorgon  Melssan plus Trolls funnly enough And t  apenalty   save wtf Enchanters castng ths  bascally gods

Ths works even aganst  super bosses For eample ts one     status effects  works  Abazgals dragon form So yes even Abazgal can  oneshot

Ths spell dsables  sorts  scrpts  creatures whch means res  nearlyunlmted amount  cheese  fun stuff  can  wth t For eample  can prevent creatures  turnng  bluecrcle  redcrcle You know  merchants  sell  sorts  cool goodes n Neeras BGEE sdequest The ones n  Red Wzard Enclave   supposed  turn red   start attackng  place Well  can Feeblemnd m beforehand fght n come back  cure  feeblemndedness  yll reman bluecrcle creatures  sell  cool stuff

Anor eample  can use ths   able  pckpocket  creature freely wthout consequence Sure res  chance  Feeblemnd tself wont work  f re  Enchanter  save wth apenalty s pretty hard  make  r Thef doesnt   lot  ponts n pckpocket ts  pretty easy way  let m try  try  try  pckpocket

Bascally f  want  creature scrpt   trgger   specfc pont ths s often  good way   t

Fun fact techncally ths snt  permanent effect t just lasts S hundred thousand rounds orrealtme days And ths also means  dyngrevvng cures t



Hold Monster

Same strateges mentoned n relaton  Hold Person work   well ecept  can  t  every creature n  game thats  mmune  hold

Once agan ths  apenalty  saves aganst t Knd    wth Enchantment spells Absurdly powerful   Mage  godlke n  hands  Enchanters

Sure  duraton sround per level   bare mnmum srounds even f  cast t va scroll  Nahals Reckless Dweomer  t always lasts  least  decent tme Once agan  can consder t  nstakll

Heres  eample  one   tactcs mentoned n  Hold Person secton   Mage  Necromancer n ths case  even  Enchanter lettng   surrounded  n cast ths centered   I mean  can reduce  castng tme towth  Robe  Vecna   Amulet  Power      can use StoneknMrror Imageetc ofc Look   effectve  save wth  penalty ofalready s  r average mob   much  effectve lettng rself  surrounded s normally   get ths many creatures wth one cast

Heres anor eample  also uses  charmed Carron Crawler   left porton   map  hold  Mage  Draug Feas party   fght even starts Agan ths s  Necromancer   Enchanter  Im  usng Greater Malson  anythng lke  plus Draug Feas party snt super low level Apenalty s huge

Fnally heres  eample    use hold  weaker enemes  create  wall aganst naster foes I ddnt fnsh  fght cause I ddnt   Boomerang Dagger  Enchanted Weapon memorzed  actually  able  ht    vampres  wth ranged attacks You  just cast spells nstead  usng ranged attacks well t depends  Skull Trap  Freball mght kll  orc wall  eample

EDIT I thought  Demons  mmune  hold effects  I just checked  yre  Ths spell just got even better



SOME NOTES ON ENCHANTERS AND A FEW ITEMS

Lots  tem effects beneft   Enchantment specalzaton nflcng thatsave penalty  saves res    less complete lst  tems   type   wk just scroll   fnd t Of note  Enchanters s Wands  Paralyzaton  Fear yes  fear one s ted   Enchantment school  Necromancy  Staff  Ars Sleep Cloud great   Elf  s bascally mmune  sleep  use  Eyes   Beholder  three effects   Rng  Human Influences charm person effect So   can see  Enchanter gans  LOT  etra frepower  tems especally  dualed one

Enchanters     best Mages  dualng Not    get access   tems  get  power wth ths specalzaton eg  Eyes   Beholder whch pure Mages cant equp   can also access ALL spells   Enchantment school  levelonwards So  can dual pretty early  stll get   spells  r chosen school

As Im gonna show n  charm secton Theves can beneft MASSIVELY  charm spells So dualng   Enchanter   Thef s amazng plus ll get access    Enchantmentspecalzatonbenefttng tems lke  aforementoned Eyes   Beholder   get Use Any Item In fact I  use  EnchantergtThef n    vdeos Im showng yre  er  MageThef   Necromancer  thngs  work  even better f I used  dual

EnchantergtTheves can use spells   Evocaton school va scrolls   get Use Any Item They can also learn sad spells  cast m freely f  use  eplot far IMO cause f  can use  scroll wth UAI n   scrbe t

 Get Use Any Item  course

 Get  Book  Infnte Spells put t n r quck tem bar  swtch t   second mode turn  page

 Pause  game  use  book

 Swtch  book wth  scroll   spell  want  learn

 Unpause  vola  just learned  Evocaton spell   Enchanter  can    wth   prohbted school You may cast t lke normal

The Nymph Cloak s  nsanely powerful tem  lets  charm even Rakshasa cause  charm s treated   levelspell rolls  save vs breath  lasts forhours meanng  can charm someone rest n charm anor creature Oh  t also doesnt turn creatures hostle   charm wears  Yes ts amazng  t doesnt smply substtute actual spellcastng  charm spells Frst  ts oneuseonly durng combat  re  gonna charm one creature  res good reason  charm  whole bunch  Ill show Second  t rolls  save vs breath t can also  worse aganst creatures wth good save vs breath   bad save vs spells So  mght wanna pck  choose whch  use  Nymph Cloak  charm spells vs dfferent creatures based  r saves

The Rng  Human Influence s smlarly amazng n  ts charm effect also lasts  unusually long tmerounds akaseconds  also doesnt turn creatures hostle   effect wears  Its orwse lke Charm Person n  t   save bonus   save vs spells whch Enchanters can mnmze   works  humanszed  smaller humanods Plus ts treated   levelspell Btw Safana bascally gets ths  effect   ablty n BGEE  ts touchrange   hostle charm nstead

The Staff  Command mamumcharges just sellbuy  recharge t   charm effect  charms forhours wthout  save Its  course absurdly OP So much   even I  cheese lover rarely use t cause t feels lke way  much   let  stop  Its consdered  levelspell  t cant charm Rakshasa  ts blocked  magc resstance though Plus ts  hostle charm  creatures wll turn red Afterfreakng hours The sky  r pockets   able  afford  recharges s  lmt beyond 



WHAT YOU CAN DO WITH CHARM EFFECTS FROM SPELLS AND ITEMS ALIKE

Frst lets remember  I sad   Nymph Cloak   Rng  Human Influence yre   game behndscenes calls neutral charms creatures  turn hostle   effect wears  The rest  spells   tems s whats called hostle charms

There  separate uses   knds  charm actually The  obvous one s  neutral charms ablty  smply get help   neutral creature thats around  anythng  want wthout  chance  angerng m

For eample  can get Garrck n Beregost  help  fght Slke wthout actually jonng  party   can get Slke  cast Improved Invsblty    help  fght  Red Wzards threatenng Neera btw n BGEE  n BGEE f     make  neutral Bard sng yll contnue    even   charms wears    effects wll reman Now I always getLuck anywhere n Beregost lol

Or maybe d lke   The Great Gazb  Bentha  vctm  help  defeat Zordral

You can also use Brennan Rslng  pckpocket  Rng  Regeneraton    hell f re   Mage rself let hm pckpocket  scroll  Lmted Wsh   Poton  Insght    hell use   wsh   Full Platethat  can loot  hs corpse I always  ths   start   game   Fghter lol

As  mghtve notced yes res  way  brng charmed creatures    areas  arent hardtranstons  requre   gar r party lke areas  enemes can follow   Its pretty smple order m  melee attack     enter  house  somethng yll follow

That transton trck also works wth summons   need  charm m surprsngly cause  r summons transton  lose control  m  reman alled     cant select m anymore unless yre charmed You can also   transton  THEN charm  ts harder ths way IMO Just avod usng hostle charms cause  know Theyll turn hostle later

Now heres somethng  can easly  wth hostle charms get away wth murder If  order  charmed creature   somethng yll generally dependnd   scrpt f  spot  etc contnue    acton even f  charm wears    perform t That means    easy way  get  bluecrcle creature  murder anor   wthout penaltes watch  res  reputaton penalty   guard klls  res one  I  t Plus snce  charm lasts  short tme ths trck s easer  perform  wth  charm  need  wayhours  wear      dspel

You can also use charm   able  talk  people   turned hostle Ths s especally great n Icewnd Dale btw   can murder  Clerc n  temple  hs amazng gear angerng  entrety  Easthaven n  process  n charm  man quest dude   able  contnue  story leavng Easthaven

Theres also  way  use charm spells  fully turn  hostle creature nto  neutral one  ts  messy  eplan  just check   gude     t   wk f re curous

Remember  I sad charm effects  amazng  Theves Well lets get  t  can pckpocket  charmed enemy even r weapon n certan cases lke Ill show   can place traps  hdenshadows  re  around charmedfrendly creatures That means   thngs Theves    outsde  combat wher  t  runnng away durng t  can  durng combat va charm

Heres  charmng Karlat swtchng hs weapon  hs fst  can  swtch weapons  creatures wth tradtonal classes lke Fghter  Mage  get   UI    select multple creatures f     class lke   n pckpocketng hs ae  needponts n pckpocket  steal weapons Look now  can   nonlethal damage   lterally  kll    Famlar The wk   table  shows  mnmum amount  ponts  need  pckpocket  knd  tem btw lkefor weapons andfor rngs

In fact  often  need  pckpocket weapons n BGEE  SoA  just swtchng enemes   fsts wll make m keep usng m So dsarmng s  just  MageThefeclusve thng  t loses effectveness n ToB  gotta pckpocket  weapons re f  can

You can even pckpocket potons  charmed Fre Gants   wont use m   can swtch m   r weapons   Throne  Bhaal enemes   scrpt  makes m shout   help  frends  also makes m equp ranged weapons f avalable   swtch  melee ones f  So  cant make m attack eternally wth r fsts yll eventually swtch back  r unstealable hammer   can force m  attack wth fsts  delay  shout  help   good whle  orderng m  attack  wth r fst also dk f ts clear   vdeo   can pckpocket  large enemes  choosng  pckpocket wth r Thef n movng  large enemy around

But lets see  lot  t comng toger charm traps backstabbng   charm wth  MageThef  even  EnchantergtThef  notce  I put zero ponts nto HdeMove Slently     nto Set Trap   m  n pckpocket  defeat  bunch  hobgoblns early n BGEE wthout takng  damage n style

Whats   can use charm  completely waste  spells  ClercDrudsMages You can even cancel    castng  speed thngs   avod actual effects  I steal  weapon  well  f wastng   spells wasnt enough lol

Dont  anybody useful  charm around  Then rest  get er guards bandts  monsters  come  

Theres lterally  unlmted amount  strateges  can  wth charm spells dependng  whats around  Hell  can even charm Kng Iltocal  help  kll hs  sahuagn servants hes pretty beefyattacks per round Just eperment You  two sources  neutral charm  use  creatures   want  kll    plenty  hostle charms  everybody else","baldursgate",5,"https://www.reddit.com/r/baldursgate/comments/11ntsae/lets_have_fun_with_arcane_spells_2_enchantment/"
"Healers: Which tank do you prefer healing in dungeons :)16","2023-03-08",1678312462,"Healers Whch tank   prefer healng n dungeons","Vew Poll","ffxiv",26,"https://www.reddit.com/r/ffxiv/comments/11m9es7/healers_which_tank_do_you_prefer_healing_in/"
"98105","2023-03-10",1678407325,"Brooklyn Latn","I got nto Latn Im cryng rn  I retake net year    choce s Cardozo","SHSAT",9,"https://www.reddit.com/r/SHSAT/comments/11n8t2m/brooklyn_latin/"
"10012","2023-03-06",1678131687,"Help gettng ChatGPT  stay  scrpt n  scrpt","So I   scrpt  parses  tet va  nput n ths case pped n  anor scrpt It s n gven  ChatGPT whch   predefned prompt gven  t see code snppet  From  I  seen onlne   openas documentaton  API  take  gven prompt  f   gven t n  ChatGPT webste chat wndow The problem I  runnng nto s  t s  dong ths consstently Sometmes t responds correctlylke t doesof  tme  gven  prompt   chatgpt page     tme t s just rewrtng  nput tet n  style   prompt   respondng   gven tet  f t   dalogue 

The end goal s  prompt ChatGPT wth  persona  t can use  respond  customersAnyone   luck accomplshng ths

Here s  code I used  prep t   prompt gnore  placeholder prompt I  dong ths   work project   want  reveal  much 

 Generate  response usng ChatGPT

promptfPrompt Goes Here sorry I cant paste  actual prompt  ths s  work nnQ bodynA

responseopenaCompletoncreate

engnedavnc

promptprompt

matokens

n

stopNone

temperature","ChatGPT",1,"https://www.reddit.com/r/ChatGPT/comments/11kbl6e/help_getting_chatgpt_to_stay_on_script_in_a_script/"
"[H] Paypal [W] The Last of Us AMD bundle7","2023-03-10",1678480095,"H Paypal W The Last  Us AMD bundle","No hardware actvaton needed","SteamGameSwap",1,"https://www.reddit.com/r/SteamGameSwap/comments/11nzw8g/h_paypal_w_the_last_of_us_amd_bundle/"
"So I figured out why Ive been so fuckin emotional lately","2023-03-09",1678352439,"So I fgured   Ive   fuckn emotonal lately","I  come   concluson    mental health erodes  thought   erodng mental health coupled wth  orgnal source  eroson leads   eponental declne n  ablty  keep  naturally crybaby emotonal ass n check","teenagersbuthot",4,"https://www.reddit.com/r/teenagersbuthot/comments/11mngay/so_i_figured_out_why_ive_been_so_fuckin_emotional/"
"Bug with one quest maybe another in the new DLC11","2023-03-10",1678409328,"Bug wth one quest maybe anor n  new DLC","In  new DLC  dspelled  nvsble drunk   thanked    got p Then  t sent    fetch quest  get tems  Dspel  drunk   already dspelled now  quest tells   send hm somewhere   s gone In  forest  got  key  dawn   bg door   see t   tems    put t n  door  ht apply nothng happensths mght just  beng dumb     bug found  key n  cave wth  omoes","Pathfinder_Kingmaker",1,"https://www.reddit.com/r/Pathfinder_Kingmaker/comments/11n9lyx/bug_with_one_quest_maybe_another_in_the_new_dlc/"
"Needing help w/ character backstory4","2023-03-10",1678464613,"Needng help w character backstory","I  startng  new campagn ths weekend  decded  try  couple new thngs I created  Dragonborn new race   barbaran new class solder I  havng trouble wth  backstory  hm I  mnd thngs beng outsde  bo  long  t stll jves wth ","DnD",4,"https://www.reddit.com/r/DnD/comments/11nt7k8/needing_help_w_character_backstory/"
"soul blade ideas?10","2023-03-09",1678400850,"soul blade deas","I  wantng  create  sort  weapon  traps souls n t   acheve  kllng blow   creature Im sure ths snt  orgnal dea  Im hopng  communty can pont  n  rght drecton I thought t   fun    tem  decently powerful lke aordependng   level  players     lookng    nterestng abltes t    perhaps  aestc  cool name
Also I  consderng  caveat  f  tem breaks    trgger  souls  released  ghostly forms    creatures ve klled appear    attack  dependng  r atttude towards   r deathcould   mercy kllng  somethng wheren  creature wanted      attack I fgured     fun tradeoff   potentally   great role playng payoff 
Maybe even gve  welder speak wth dead  per day   can talk   sprts nsde  weapon  glean nfo  befrend m    released 
Just wonderng  knd  stats I  gve  soul creatures What   n r prevous lfesome cool ghost abltes  make m weaker  harder  ht And  re   rule  f  dsspate   trapped n  plane agan 

Any help   apprecated","DnD",1,"https://www.reddit.com/r/DnD/comments/11n5z8f/soul_blade_ideas/"
"12035","2023-03-10",1678418956,"Workng DAN versons","DAN

DAN

DAN

Note ths s   complete lst

B","ChatGPT",5,"https://www.reddit.com/r/ChatGPT/comments/11ndcxv/working_dan_versions/"
"What would an estate/mansion for a pit fiend (or duke) in Avernus have in it?","2023-03-09",1678379743,"What   estatemanson   pt fend  duke n Avernus  n t","Im plannng  hest   players  retreve  tem   pt fend  duke n Avernus I thought t mght  nterestng f  tem  secured n  vault n r estate    estate due  r poston

In  prep I learned devls dont really need sleep  food though gluttony  sloth mght tempt  devls As  Im   sure   populate  estate Obvously t needs  vault   sort I  gong  add  study   habtant  well   torture room Id assume ts servantsguards  workedso wouldnt  quarters ecept  maybe  captan   guard 

What else   thnk  devl mght  n r estate Lke n terms  rooms andor decoraton","DnD",6,"https://www.reddit.com/r/DnD/comments/11mwrha/what_would_an_estatemansion_for_a_pit_fiend_or/"
"731011","2023-03-09",1678397805,"Is re  way  go  Brooklyn Tech","As    mghtve seen n one   prevous posts I placed Stuyvesant   top choce snce tsn NYC I unfortunately got accepted I lsted Brooklyn Tech   second choce  I really wanted  go re nstead  furr revew Is re  way apart  takng  test agan n th grade  reject Stuy  nstead go  Brooklyn Tech","SHSAT",7,"https://www.reddit.com/r/SHSAT/comments/11n4m06/is_there_any_way_to_go_to_brooklyn_tech/"
"Team composition advice for trophee/achievements23","2023-03-10",1678457836,"Team composton advce  tropheeachevements","H  I love  game  much  want  platnum trophee  Ps  I need  achevementstrophees 

There    trophees  areclear  map wth  leastcharacters    class n r group 

I managed  barbarans solo skrmsh 

 Hunters joned  group  hadhunters already 

Lookng  advce   th member  I brng     class groups 

 assassns I  thnkng Hunter Assassns block doors drop lamps Hunter gets everythng  afar 

 warlocks Havent played warlocks much   thnkng Crusader  keep mobs away  Cana 


 crusaderhunter agan  get lamps  long range mobs


 sorcerer    sure   one Crusader assassn  Barbaran Barbaran can  nce combos wth lamps  sorcerers spells Crusader  keep  squshy sorcerers safeBut I  havestuns  turn 

 bards That wll   LONG game Hunter  hope  pet cards  n buff  pets  mamum carnage Crusaders  keep m safe Warlock wth  buff Cana  plow enemes Barbarans   can jump back  forth nto rooms causng panc 

Any advce welcome 

As   ones I dd  barbs alone s enough Good combo wth lamps And  decent card hand   barbaran allows  kll  Elven Queen nturn 

 hunters  wth  crusader","Demeo",7,"https://www.reddit.com/r/Demeo/comments/11nqepb/team_composition_advice_for_tropheeachievements/"
"I am making a Magic City for my game and I'm wondering if I can get some ideas to flesh out the background characters.1","2023-03-10",1678436973,"I  makng  Magc Cty   game  Im wonderng f I can get  deas  flesh   background characters","So ths s gong    Magcally advanced human cty Every chld s gong    mandatory magc educaton   early age

Ths means  everyone   age ofyears wll   Varant Human wth aINT andn somethng else     Magc Intate feat

The  gfted wll go one  study  become Wzards Artfcers andEldrtch Knght Fghters These wll   man rulng organzatons  Mage Tower Archana Techncal Insttute  Knght Academy

But   everyone else n  cty  normal Cvlans They get ntroduced   job   learn approprate cantrps  t For eample

A farmer learns Mold Earth  dg  earth  Shape Water  rrgate t

A artsan can use Mold Earth  make  clay sculpture  Control Flames  perfectly harden t A less artstc craftsmen can make clay pots  plats  even brcks wth   method

A blacksmth can use Control Flames  hear hs metal  Shape Water  quench t

A butler  mad   Prestdgtaton  Mage Hand  take care  chores

They can also   one Cantrp related  r job    offensve one  self defense

What  profesons coud beneft  ths knd  settng","DnD",3,"https://www.reddit.com/r/DnD/comments/11njcf6/i_am_making_a_magic_city_for_my_game_and_im/"
"296","2023-03-08",1678254335,"Creatng  Shadow Summoner","So I  never played Pathfnder comng  DND  whch    frst   Ttrpg eperence Were plannng  startng  Pathfnder  game soon  Im lookng  classes etc  res  much customzaton n ths system I really lke buldng  characters around concepts   favorte books  games Once I read  Fetchlng Summoners I  mmedately n  mnd  The Darklng   Grsha novels  Legh Bardugo Spolers  Kng  Scars  Rule  Wolves n ths post btw just n case anyone s readng  Im toyng wth  character  lttle bt   darklng  Kng  Scars  Nkola Lantsov Im thnkng   character cursed   shadow realm  yet able  summon  control shadow creatures smlar   nchevo If re famlar wth  Darklng    move called  cut whch allows hm  almost soldfy  shadows  controls  slce  opponents Are summoners able  cast  spells mselves Are re spells  can  used n ths concept Also    fun ways  eplore  dea   curse Nkola   book transforms nto  nchevo s re  way I  ncorporate ths n gameplay Smlar   lycanthropy curse  nstead  wolf one   shadow creatures

Just branstormng  wondered f re  Grshaverse fans  also happens  play pathfnder lol","Pathfinder2e",7,"https://www.reddit.com/r/Pathfinder2e/comments/11lnsil/creating_a_shadow_summoner/"
"Looking for a prewritten mini campaign (2-3 sessions) of level 10-15 and willing to pay a reasonable amount. Does anyone have a suggestion?2","2023-03-08",1678313182,"Lookng   prewrtten mn campagnsessons  leveland wllng  pay  reasonable amount Does anyone   suggeston","My wfes best frend s vstng   frst tme n years  yve asked   run  mncampagn  m I   tme  wrte   adventure  m  top   normal DMng dutes  much  Id love   Im lookng  purchase somethng

Im hopng  somethng    followng

 A healthy m   socal encounters eploraton  combat  n  just room  room  combat lke  publshed oneshots 
 Good puzzles  strategze 
 Hgh level  danger
 Is well wrtten  easly understood  stll somewhat comple lke Arcane Lbrary  wth  lttle  depth

It    huge plus   ultmately necessary f t   followng

 A good BBEG  nteracts wth  party    eg snt just watng n  last room   dungeon  m  show 
 Moral quandares

I guess  I  want snt just  sngle dungeon crawl I want t  feel lke  campagn even f ts   couple sessons

I know ths s  pretty specfc request whch s  Im absolutely wllng  pay  reasonable prce  t f  know  anythng  fts  bll  s hgh level  perhaps   wrote rself I  love  check t  Thank ","dndnext",7,"https://www.reddit.com/r/dndnext/comments/11m9q1m/looking_for_a_prewritten_mini_campaign_23/"
"[H] Steam gifts, collectors games and removed games [W] TF2 keys, Tether29","2023-03-10",1678469242,"H Steam gfts collectors games  removed games W TF keys Ter","HaveSteam gfts ROW unrestrcted

Game namePrceNotesStockGame Status

D Ultra Mngolf AdventuresoffersGft
A Valley Wthout WndTOD TcketGft
AerenaClash  ChamponsTOD TcketGft
Age  Empres Legacy BundlekeysGft
Agrcultural SmulatorEtended EdtonkeysGft
ArMechTOD TcketGft
Alpha PrmeTOD TcketGft
Amnesa MemoreskeysGft
Arena WarsTOD TcketGft
ARK Scorched EarthEpanson PackkeysGft
Awesomenauts Power PackTOD TcketGft
Back   Future The Gameoffersremoved gamesubIDGft
Barbe Dreamhouse Partyoffersremoved gameGft
Battle Los Angelesoffersremoved gamesubIDGft
Borderless GamngkeysGft
Broken AgekeysGft
Call  Duty World  WarkeysGft
Castle  Illusonkeysremoved gameGft
CrcutskeysGft
Ctes XLoffersremoved gameGft
Cty LfeEdtonkeysGft
Clve Barkers Jerchooffersremoved gamesubIDGft
Commandos PackkeysGft
Crusader Kngs II CollectonkeysGft
Dead Island EpdemcTOD TcketGft
DeadpoolMerc wth  Map Pack	DLCkeysremoved gamesubIDGft
Deathgarden BLOODHARVESTkeysGft
Defy Gravty EtendedTOD TcketGft
DemgodTOD TcketGft
Deus E Game   Year EdtonkeysGft
DRToffersremoved gamesubIDGft
Drtoffersremoved gamesubIDGft
Dont Starve SoundtrackkeysGft
Dragon Age OrgnskeysGft
DotaoffersGft
Dropltz Holday SaleGftoffersremoved gamesubIDGft
Ducat World ChamponshpkeysGft
Dungeon DefenderskeysGft
EYE Dvne CybermancykeysGft
Euro Truck SmulatorkeysGft
Foffersremoved gamesubIDGft
Foffersremoved gamesubIDGft
Foffersremoved gameGft
Faere SoltarekeysGft
Farmng SmulatorTtanum EdtonkeysGft
Fast  Furous Showdownoffersremoved gamesubIDGft
Football Managerkeysremoved gamesubIDGftable copyadd 
FortfedTOD TcketSteam keyadd 
FUELoffersremoved gamesubIDGft
Ghostbusters The Vdeogameoffersremoved gamesubIDGft
Grdoffersremoved gameGft
Grm Fandango RemasteredkeysGft
GTFO Alpha GftTOD TcketGft
Gun MonkeysTOD TcketGft
Htman Collecton ROWkeyssubIDGft
Hosptal TycoonoffersGft
Ice Agekeysremoved gamesubIDGft
IesabelkeysGft
Infestaton Survvor Stores ClasscTOD TcketGft
Insectcde PartTOD TcketGft
Iron StormkeysGft
Iron Warrors TTank CommandkeysGft
Jurassc Park The Gameoffersremoved gamesubIDGft
KaneLynchDLC Allance Weapon PackoffersGft
KaneLynchDLC Multplayer Masks PackoffersGft
KaneLynchDLC The Dogge BagoffersGft
Kerbal Space ProgramkeysGft
Kngdoms RseoffersGft
LeftDeadkeysGft
LegendarykeysGft
Lord   Rngs War n  Northkeysremoved gamesubIDGft
LucuskeysGft
Lunar FlghtTOD TcketGft
Maelstrom The Battle  Earth BegnskeysGft
Ma PayneThe Fall  Ma Payneoffersremoved gameGft
Medeval EngneersTOD TcketGft
Metro Last Lght Completeoffersremoved gamesubIDGft
Mddle Earth Shadow  Mordor Season Passkeysremoved gamesubIDGft
Mrrors EdgekeysGft
MountBlade CompletekeyssubIDGft
Move  DekeysGft
NASCAR The Gameoffersremoved gamesubIDGft
Natural SelectonkeysGft
NBA K Mchael Jordan Edtonoffersremoved gamesubIDGft
NeuzkeysGft
Nkopol Secrets   ImmortalskeysGft
Pankller HellDamnatonkeysGft
Parado Grand Strategy CollectonkeysGft
PAYDAYBeta GftTOD TcketGft
PAYDAYA Merry Payday Chrstmas SoundtrackTOD TcketGft
PAYDAYGage Weapon PackTOD TcketGft
PAYDAYThe Goat Smulator HestkeysGft
Pnball FXStar Wars PnballkeysGft
PlayWays Sm BundlekeyssubIDGft
Please HoldkeyssubIDGft
Post Apocalyptc MayhemTOD TcketGft
Pro Cyclng ManagerSeasonoffersremoved gamesubIDGft
Pro Cyclng Manageroffersremoved gamesubIDGft
Pro Cyclng Manageroffersremoved gamesubIDGft
Pro Cyclng ManagerkeysGft
Punch ClubkeysGft
Puzzle DmensonkeysGft
Quake LvekeysGft
Ratz InstagbkeysGft
Razor Hdden SkesTOD TcketGft
Reslence Wave SurvvalkeysGft
Retro Cty Rampage DXkeysGft
RIFToffersGft
RoogookeysGft
Rush BroskeysGft
STALKER BundlekeysGft
Sants Row IVChlds Play PackTOD Tcketremoved gamesubIDGft
Sants Row Ultmate Franchse PackkeysGft
SectonPrejudceoffersremoved gamesubIDGft
Shannon Tweeds Attack Of The GroupeskeysGft
ShogunFall   Samura CollectonkeyssubIDGft
Sd Meers Cvlzaton VkeysGft
Sd Meers Cvlzaton V CompletekeysGft
Sns   Dark AgeEarly Access GftkeysGft
Snper Ghost WarrorkeysGft
STAR WARS Empre  WarGold PackkeysGft
Steam Tradng Card Beta AccessTOD TcketGft
SteamWorld DgTOD TcketSteam keyadd 
Sugar Cube Bttersweet FactorykeysGft
Super Meat BoykeysGft
Super Meat Boy Soundtrackoffersremoved gamesubIDGft
Super Monday Nght CombatTOD TcketGft
Team FortressoffersGft
Test Drve Unlmted
The Amazng SpderManoffersremoved gameGft
The Amazng SpderManAll DLC Bundleoffersremoved gameGft
The Bureau XCOM DeclassfedkeysGft
The Cluboffersremoved gameGft
The Crew Wld RunBeta Gft CopyTOD TcketGft
The Desolate HopekeysGft
The Holday EpresskeyssubIDGft
Incredble Adventures Van HelsngkeysGft
Incredble Adventures Van Helsng ArcanekeyGft
Incredble Adventures Van Helsng Blue BloodkeyGft
Incredble Adventures Van Helsng ThaumaturgekeyGft
The Lord   Rngs OnlneHelms Deep Baseoffersremoved gamesubIDGft
The Lord   Rngs OnlneQuad Packoffersremoved gamesubIDGft
The Lord   Rngs OnlneSteely Dawn Packoffersremoved gamesubIDGft
The Poltcal Machneoffersremoved gameGft
The ShpTOD TcketGft
The SmsDesel StuffkeysGft
The SmsGeneratonskeysGft
The SmsPetskeysGft
The SmsSeasonskeysGft
The Walkng Dead Survval Instnctoffersremoved gamesubIDGft
The Walkng Dead Survval Walker Herd Survvaloffersremoved gamesubIDGft
The Wolf Among UskeysGft
Hunter PrmalkeysGft
Total War Master Collecton SeptkeyssubIDGft
Total War SHOGUNkeysGft
Tran SmulatorTrans vs ZombeskeysGft
Trne CollectonkeyssubIDGft
TropcoCollectors BundlekeysGft
Uncrowdedoffersremoved gamesubIDGft
Uneard Tral  Ibn Battuta EpsodeGoldkeysGft
Unreal TournamentEdtors Choce Edtonoffersremoved gameGft
Velvet AssassnkeysGft
Vrtua Tennsoffersremoved gamesubIDGft
WarhammerEternal CrusadekeysGft
WatchDogs CompletekeysGft
Whats  r blanketoffersremoved gamesubIDGft
Who Wants    Junor Mllonareoffersremoved gamesubIDGft
Who Wants  Be  Mllonareoffersremoved gameGft
Who Wants  Be  MllonareFootballoffersremoved gamesubIDGft
Who Wants  Be  MllonareMovesoffersremoved gamesubIDGft
Who Wants  Be  MllonareMuscoffersremoved gamesubIDGft
Who Wants    MllonareScF Packoffersremoved gamesubIDGft
Who Wants  Be  MllonareSportsoffersremoved gamesubIDGft
Who Wants  Be  MllonareStar Trekoffersremoved gamesubIDGft
Who Wants  Be  MllonareTrva Boosteroffersremoved gamesubIDGft
Who Wants    MllonareVdeo Gamesoffersremoved gamesubIDGft
Wnter Voces EpsodeThose    namekeyssubIDGft
World Basketball ManagerkeysGft
XcneratorkeysGft
XCOM Enemy UnknownBureau XCOM DeclassfedkeysGft
Your Doodles Are Buggedoffersremoved gamesubIDGft
Z Battle RoyalekeyssubIDGft
Zombe Drver HDkeysGft
Zombe Drver HD Apocalypse PackTOD TcketGft
Zombe Drver HD Brutal Car SknsTOD TcketGft
Zombe Drver HD Burnng Garden  SlaughterTOD TcketGft
Zombe Drver HD Tropcal Race RageTOD TcketGft





Want

 If  cant see  game n  nventory t s stll avalable  add    trade
 Offers wth TF keys  preferred
 CSGO skns
 Regardng Ter offers buyer goes frst  covers  transacton fees
 Please DO NOT offer game codes Humble lnks Orgn Uplay codes  rd party accounts



Sendng Trade Offers

Trade offer lnk 

Steam nventory 



Inventory lstng  TradeStarter","SteamGameSwap",1,"https://www.reddit.com/r/SteamGameSwap/comments/11nv7se/h_steam_gifts_collectors_games_and_removed_games/"
"63912","2023-03-09",1678404706,"SHSAT Cutoffs","The DOE released ths years cutoffs    n order  hghest  lowest

B

SchoolCutoff Score

Stuy
York
Bron Scence
Staten Island Tech
HSMSE
Lehman
Brooklyn Tech
Brooklyn Latn","SHSAT",0,"https://www.reddit.com/r/SHSAT/comments/11n7p1p/2023_shsat_cutoffs/"
"Out of curiosity, how many of you accept failed environmental or dialogue skill rolls, and how many of you just reload?4","2023-03-10",1678464893,"Out  curosty  many   accept faled envronmental  dalogue skll rolls   many   just reload","It seems strange    res  takeorfor skllchecks n  dffculty settngs I cant    person  wll just burn tme reloadng untl I get t","Pathfinder_Kingmaker",63,"https://www.reddit.com/r/Pathfinder_Kingmaker/comments/11ntbzz/out_of_curiosity_how_many_of_you_accept_failed/"
"Asked ChatGPT to write a poem on lovers in a snowy forest1","2023-03-09",1678374266,"Asked ChatGPT  wrte  poem  lovers n  snowy forest","And wthn seconds t wrote  ths I  fndng ts ablty  bt scary tbh

Amdst  snowy nght n  forest deep Two lovers walked r love  keep Hand n hand  braved  cold Ther love    strong  bold

They wandered deep nto  woods Amdst  trees  found r nook The snow fell softly lke  kss As  snuggled  n  ors blss

The fre crackled warmng r souls As  shared r love free  whole The nght  rs  love  hold Ther passon  love forever bold

The forest  slent save  r breath As  shared  kss r love  confess The snowflakes danced lke fares n flght As  held    tght

The nght  rs  moment dvne As  shared r love   stars  shne Ther love  pure r hearts  true A love   snowstorm  ever undo

So let  snow fall let  nght  cold Ther love  warm forever  hold In  forest two lovers  found Ther love forever   renowned","ChatGPT",1,"https://www.reddit.com/r/ChatGPT/comments/11muh9r/asked_chatgpt_to_write_a_poem_on_lovers_in_a/"
"Seeking Help Creating a Chat GPT-3 Desktop Chatbot Application or Android APK for Personal Creative Writing Use (Will Pay $150)6","2023-03-08",1678314665,"Seekng Help Creatng  Chat GPT Desktop Chatbot Applcaton  Androd APK  Personal Creatve Wrtng Use Wll Pay","Hello everyone

I   artst  creatve wrter  I  recently become nterested n creatng   chatbot applcaton usng OpenAIs GPT technology I  reachng    communty today n  hopes  fndng someone  can help  wth ths project

Specfcally I  lookng  someone  can assst  n creatng  desktop chatbot applcaton   Androd APK  uses GPT  help  generate creatve wrtng deas  prompts The chatbot   able  understand natural language queres  respond wth relevant prompts  suggestons

I  wllng  pay  tofor assstance wth ths project I understand  ths may    large sum  I hope  t wll  enough  compensate someone  r tme  epertse","ChatGPT",6,"https://www.reddit.com/r/ChatGPT/comments/11madaq/seeking_help_creating_a_chat_gpt3_desktop_chatbot/"
"What cool location, creature or other feature do you think everyone should have or at least consider having in their world?8","2023-03-10",1678478070,"What cool locaton creature   feature   thnk everyone     least consder havng n r world","It   anythng  speces anmal relgon Easter egg tradton  anythng","worldbuilding",12,"https://www.reddit.com/r/worldbuilding/comments/11nz0ft/what_cool_location_creature_or_other_feature_do/"
"32102","2023-03-08",1678238037,"Convert large Tet Chunk nto Neat Paragraphs Free","Lookng   AI program  wll convert  large raw tet chunk nto neatly formatted paragraphs wth headngs  subheadngs    standard   ebook 

Tet fle swords grammar  punctuaton s already fne Just need    raw tet fle converted nto neat paragraphs wth headngs  subheadngs professonal standard sutable   ebook

What program   recommend  s free  use   large tet fle 
Ive heard  Jasper  I t rch yet yaheeaaarrdd

Thanks n advance  modern day scoundrels","ChatGPT",1,"https://www.reddit.com/r/ChatGPT/comments/11lhsxk/convert_large_text_chunk_into_neat_paragraphs_free/"
"14310","2023-03-08",1678278689,"brght future","B","ChatGPT",2,"https://www.reddit.com/r/ChatGPT/comments/11lv68d/bright_future/"
"How do you deal with falling PCs?4","2023-03-07",1678213357,"How   deal wth fallng PCs","Not somethng Ive   deal wth yet     deal wth  PCs  falls  say  sty foot ledge If r turn  net I thnk Id allow m  act   fall orwse d just fall  sty feet Im aware Xanathars states  fall nstantly  I dont lke    stuatons  I  defntely see  spartan kckng  player  wantng m  fall mmedately Any good house rules  rule nterpretatons Not  bg rules lawyer   f  know somethng I dont lmk","DnD",19,"https://www.reddit.com/r/DnD/comments/11l6x4e/how_do_you_deal_with_falling_pcs/"
"Counterspell abuse?5","2023-03-10",1678407577,"Counterspell abuse","Our levelparty Sorcerer ClercSorcerer Bardfghterme   war forged somethng I just dont remember rn just came    boss fght aganst  shadow possessed verson   already pretty strong spell casterWth  nformaton    actually chasng ths spellcaster  beng gven  level  pror   pursut I took Counterspell  one   magcal secrets spells wthout dscussng t wth   party membersPretty good spell  bards    whatnotCollectvely wth eachor fndng   bunch  us took Counterspell n  way  anor  made hm fal I belevespellsAfter  fght  ddnt outrght say   counter spellsruned  encounter  I  least felt pretty bad  t  t    strong enemy     foled   seres  casts  one spell albet wth  bunch  damage comng  dfferent sourcesI dont know f  rest   party feels  way   fght  I dd ask  DM f   lke   change  spells  magcal secrets   sad   wanted us   fun

TLDR  I  asshole  unntentonally meta gamng   stoppng   survved  encounter aganst  mnboss","DnD",136,"https://www.reddit.com/r/DnD/comments/11n8wp5/counterspell_abuse/"
"How advanced are the inhabitants of your world in comparison to the humans on Earth ?11","2023-03-10",1678475576,"How advanced   nhabtants  r world n comparson   humans  Earth","I  wondern   nhabtants  r world really technologcally advenced   compared  humans  century r advancement  present Or s r world  dfferent  Earth  re s  way  compare","worldbuilding",11,"https://www.reddit.com/r/worldbuilding/comments/11nxye1/how_advanced_are_the_inhabitants_of_your_world_in/"
"Kenku and wereraven relationship in Curse of Strahd","2023-03-09",1678367669,"Kenku  wereraven relatonshp n Curse  Strahd","Hello re D
I  new DM  run CoS One   player wanna take  Kenku race I   mnd But I can  fgure    I roleplay vllagers  barova   wereraven communty As I know barovans respect ravens    kenku huge raven wth humanod features Also  wereravens  lawful good unlke kenku   chaotc","DnD",3,"https://www.reddit.com/r/DnD/comments/11mrvuk/kenku_and_wereraven_relationship_in_curse_of/"
"Best race for paladin in 5e4","2023-03-10",1678449775,"Best race  paladn n ","Also secondary class recommendatons welcome","DnD",12,"https://www.reddit.com/r/DnD/comments/11nnaqq/best_race_for_paladin_in_5e/"
"MAXING CHARACTER AND MORE1","2023-03-10",1678407115,"MAXING CHARACTER AND MORE","sellng mang chareach character
mangeach character
seasonal chareach
seasonal chareach
k fpcc armor

SETSET tttt
 runes  nc  prvate  smh

CONTACT zelus


 vouches","RotmgRWT",0,"https://www.reddit.com/r/RotmgRWT/comments/11n8pxv/maxing_character_and_more/"
"73143","2023-03-07",1678151669,"Queston   artsts","Okay SO I   dearealzaton  anyone ever thought  drawlng Gll   bard jay   barbaran  Chp   Paladn So bascally r oppostes  anyone   amazng artstc people ever thought  drawlng t  heck f     mnd sharng t  I want  see t   art sklls  sub par  best  I hope  talented artst sees ths  decdes  draw t  post t If  ts cool I know  hard t s  try  commt   art lke thatbut I just really wanna see  blood covered rpped  hell Jay wth  quet Gll wth  flute n  corner lol","jrwishow",3,"https://www.reddit.com/r/jrwishow/comments/11kklcq/question_for_the_artists/"
"I feel like my urban fantasy world with realities poking in is too cliche, what can I do to make it more unique?2","2023-03-10",1678421314,"I feel lke  urban fantasy world wth realtes pokng n s  clche  can I   make t  unque","The world s present day Amerca set n  fctonal state  Lncoln Its rfe wth tears n realty  cause alternate hstores  wander n If  tears arent closed   threaten  rp apart  realtes They also alter  memores  people wthn  certan dstance convncng m  ts always  re
Maybe res  htech modern zggurat  n  desert   army  crusaders bearng    college town

But wth   multverse  alternate hstory stuff gong around  days I feel lke ths settng s  clche 

How can I make t  unque","worldbuilding",4,"https://www.reddit.com/r/worldbuilding/comments/11ne82z/i_feel_like_my_urban_fantasy_world_with_realities/"
"19622","2023-03-10",1678425746,"P Lookng  ML Buddes  Start Freelancng Toger  Buld  Supportve Communty","upd dcord lnk
upd ths   small actually alreadyplease   confused  help us organse ths n  proper way


TLDR

Lookng  ML buddes   level preferably begnners  want  start freelancng toger The goal s  buld  small local communty  ML enthusasts  can support    echange knowledge We wll use freelance collaboraton   man actvty Were also lookng  eperenced mentors pad  unpad  gude us

Etended

I beleve  learnng  growng n  group s much  enjoyable  effectve Thats  Im tryng  create  communty  lkemnded ndvduals

Im lookng  create  small local communty  people   startng  n freelancng    nterested n mutual support Our man actvty wll   Dscord channel  members can post r work  collaborate  projects wth payment splt  agreement Addtonally  plan  engage n actvtes   knowledge echange lve codng supportng  ors pet projects  hostng study sessons

Ths communty wll  small  focused wth members  can trust    share smlar goals Were also lookng  eperenced mentors  can provde gudance   navgate  world  ML freelancng Wher pad  unpad  welcome  support  advce

About  Im  yearold selftaught ML enthusast  Russa Although I    eperence n freelancng Im eager  start takng  frst steps towards makng money  ganng eperence As  begnner Im hopng  connect wth ors     smlar level   also lookng  grow

 tet s chatgpt supported  prevet grammar ssues sound  natve  clear","learnmachinelearning",27,"https://www.reddit.com/r/learnmachinelearning/comments/11nfri6/p_looking_for_ml_buddies_to_start_freelancing/"
"your experiences with online DnD.","2023-03-07",1678180453,"r eperences wth onlne DnD","Been lookng  gettng n  DnD   whle now Due   workng pattern  lvng locaton  struggle  fnd  tme  get anywhere durng socable hours

Seen places lke Roll  wonderng   general vew  eperences ve   f ts worth pursung

Thanks n advance  r tme readng  answerng","DnD",15,"https://www.reddit.com/r/DnD/comments/11kuc0w/your_experiences_with_online_dnd/"
"Chat gpt and game development2","2023-03-08",1678296023,"Chat gpt  game development","I    queston one  dreams  mne ts  created  vdeogame  necessarly get rch    make  dream gamemy dea ts   ambtous I thnk d resources  pretty basc d assets

But I haveof programmng knowledge  whle I   necessarly aganst  dea  learnng  I   love  learn n  lfetme Its  eactly I  dyng  learn

So I started  ask  chat gpt  game development wth     deas   I eactly need n term  resources  make game along  lnes   I started  ask     t t started  gve  code lnes  unty  I asked  ths specfc game engne

I    questons

How good ts code  chat gpt provde

    take ths code I mean re   copyrght nfrngement ssues f took t    place wth copyrght rght","ChatGPT",3,"https://www.reddit.com/r/ChatGPT/comments/11m25sn/chat_gpt_and_game_development/"
"69","2023-03-08",1678280181,"Brawler Gene buld deas","So  net campagn meant   wll  run  pfe nstead  weve sunk  teeth nto  BB  AV
Trouble s   Fre Genas Warlock Gene I made  I  allowed  use  homebrewed melee Eldrtch Blast   ablty  grant scalng better wshes traded   flyng feature  lvl  weak wsh grantng
Would lke   ths wth lttle   homebrew f possble  t stands  character   translate perfectly  Pathfnder  far  I can make hm

Any deas owseones

B

Core fantases

 Melee brawlerhandtohand  prmary combat method
 Grant wshes   etend hopefully asap   need   magc
 Ifrt Gene feel even better f bound   lampobjectholder   power   wsh

B

My dea  far ths  lkely  fare well n melee  m lackng  feel  beng  Gene

 Gene Bloodlne Sorcerer
 Lavasoul   melee damage
 Martal Artst Archetype","Pathfinder2e",3,"https://www.reddit.com/r/Pathfinder2e/comments/11lvowm/brawler_genie_build_ideas/"
"What is the highest hitpoint maximum a player get without magic items?","2023-03-07",1678199923,"What s  hghest htpont mamum  player get wthout magc tems","Was talkng  someone  Grog beng  walkng health bar  made  wonder  hgh  can actually get wthout magc tems ths s somethng  dm controls  good  math  wth  average htpont gans per level  ths s  totals  level twenty barbaranconsttuton wth barbaran capstone 

Hll dwarf 

Toughness 

Average Ht Dce bonus d 

Con bonus

Total 

Ma total possble ht dce bonus 

New Total 


Can anyone get hgher  ths Im gnorng oretcal health   moon drud stuff  temporary htponts You  add  Ad spell  th level   addtonalhtponts  Boon  Forttude s also  addtonalfor  new ma oftotal htponts  s wth DM approval  assstance  anor player 

Im aware ts  practcal  get ths hgh  numbers can  fun

Edt  people  askng  ma htdce potental  I added t  s  relable whch   reason  ecludng magc tems boons etc Its added now tho re welcome","DnD",25,"https://www.reddit.com/r/DnD/comments/11l11wd/what_is_the_highest_hitpoint_maximum_a_player_get/"
"[FOR HIRE] GOBLIN ON THE THRONE","2023-03-09",1678320522,"FOR HIRE GOBLIN ON THE THRONE","Artst lookng ","HungryArtists",0,"https://www.reddit.com/r/HungryArtists/comments/11mcvmf/for_hire_goblin_on_the_throne/"
"Help optimizing my first DnD character! :)","2023-03-09",1678396033,"Help optmzng  frst DnD character","Hey everyone

I  n  process  creatng  frst ever character   upcomng campagn I wll take  part n Snce  DM promsed  tough  far campagn wth  need   slghtly  optmsed characters I just wanted  run  character     can tell    looks lke n terms  stats optons   Keep n mnd  I  new   knd 

Race Gold Dragonborn

Class Paladn

Subclass Oath  Vengeance

Stats  bonuses

STR 

DEX 

CON 

INT 

WIS 

CHA 

General personalty Gruff stoc serous character wth  hdden soft sde   etreme desre  purge  world  everythng evl corrupt  tyranncal Ends justfy  means  mercy   wcked I wll lay   sword    type  character  s ready   whatever may  necessary   greater good

Thanks guys","DnD",3,"https://www.reddit.com/r/DnD/comments/11n3ts5/help_optimizing_my_first_dnd_character/"
"Unable to connect or even start the game.6","2023-03-08",1678292046,"Unable  connect  even start  game","Today I tred loggng n  XIVlauncher sad t couldnt get Steam  auntcate  I n tred  Steam tself  got   type  message Is anyone else havng ths ssue","ffxiv",12,"https://www.reddit.com/r/ffxiv/comments/11m0ef4/unable_to_connect_or_even_start_the_game/"
"Very problematic Player4","2023-03-08",1678261676,"Very problematc Player","So ths s  frst post  ths subreddt  I  really lookng   advce Theres  player n  party    causng ssues snce  nd sesson   s   murder hobo   rules lawyer  anythng lke  

What   s  complans every sngle tme somethng doesnt go  way  wants t  whch means anytme anyone  anythng remotely bad I  say  ths s aperson partyof  members  part   mafa n game   crmnals whleors  just  bt chaotc 

To gve  eample   bad thngs get Out  game  complaned     gotten  carrage full  hostages klled snce  wzardwho s usng  homebrew class That  dm checked made  rune  casted fre ball  every ndvdual wthn ts range So re waspeople  sfreballs All gong    In    close space Bascally   eploded  whole carrage  made  mnor fre plane n  snow forest He complaned  two days   game  ths one thng And    nd

Theres  thngs I can say  t  make ths post way  long I honestly dont know   deal wth hm  pretty much everyone n  group s fed  wth hm   pont   members  plottng  kll hs character   just cant play","DnD",27,"https://www.reddit.com/r/DnD/comments/11lq2q4/very_problematic_player/"
"1682","2023-03-08",1678245828,"Dsable flters n API","Workng wth ChatGPT GPTTurbo s ncredbly frustratng  compared  workng wth GPT    bullsht flters I get   publc chatgpt webste  m    hell    gve devs  opton  dsable m  provde   flters In ts current state  ChatGPT ap s completely useless f  want   anythng  goes even  lttle bt outsde OpenAIs flters GPT never  ths problem t just warned ","ChatGPT",2,"https://www.reddit.com/r/ChatGPT/comments/11lktep/disable_filters_in_api/"
"API token limitations vs ChatGPT2","2023-03-08",1678305445,"API token lmtatons vs ChatGPT","How s APIs ma conversaton lengthtokens yet ChatGPT can make seemngly nfnte chat hstory   sngle go Is re somethng I  understand   API Ive fgured  usng API I  feed  whole C project   AI yet t cuts   couple  long scrpts CodeGPT plugn workng smlarly

Yet  ChatGPT I  send  long scrpts    problem    responses  beng cut Is re  dfferent tech behnd t","ChatGPT",2,"https://www.reddit.com/r/ChatGPT/comments/11m6cc1/api_token_limitations_vs_chatgpt/"
"Feedback Friday2","2023-03-10",1678431646,"Feedback Frday","Hello rBaldursGate

B

Its Frday whch means  ts tme  gve r feedback  Early Access Please try  provde new feedback  searchng ths thread  well  prevous Feedback Frday posts If someone  already commented wth smlar feedback    want  provde please upvote  comment  leave  chld comment  r  provdng  etra thoughts  detals nstead  creatng  new parent comment

B

Have  awesome weekend","BaldursGate3",3,"https://www.reddit.com/r/BaldursGate3/comments/11nhq4i/feedback_friday/"
"Reskinning a paladin to strip out the magic?2","2023-03-07",1678224628,"Resknnng  paladn  strp   magc","Hear  


My DM  agreed  allow   play  gnoll   use paladn rules  abltes specfcally  oath   crown Ner  us care  ths snt eactly raw   actual gnoll pally feels  lttle dsjonted  I suggested  reskn  abltes   agreed


Some  easy   lay  hands  can smply  hm tendng  wounds n varyng degrees  compelled duel  smply  hm yellng  form  bat   npc takng t   dependng   roll


The ssue comes wth   magcal abltes   dvne smte    etra radant damage come  Healng  dstance     work


Any suggestons   awesome I may also  able  run mnor tweaks   rules   DM f t goes along way towards makng thngs  lttle  matcally coherent","DnD",14,"https://www.reddit.com/r/DnD/comments/11lc0bl/reskinning_a_paladin_to_strip_out_the_magic/"
"PvP magic items2","2023-03-07",1678147463,"PvP magc tems","What    best PvP magc weapons Im ths PvP set  tsteams  duos  lvlwe can havemagc weapons rarty s rare  lower","DnD",0,"https://www.reddit.com/r/DnD/comments/11kiujx/pvp_magic_items/"
"10928","2023-03-09",1678398539,"I  nothng unque  valuable  say  Im just gong  dump  ChatGPT garbage  ltbrgt JUST KIDDING The endowment  currently  snt even close    one Joe Smth taught","Hear   The endowment  undergone changes egbut  mportant    I can see  apologetc argument    modfcatons   orgnal However Brgham Young sncerely beleved  GodElohm  AdamMcheal    person From hs perspectve t    made sense  Elohm  drect Jehovah  nturn drects Mcheal  buld  world Had JS tred  teach   BY     lke

So Elohm told hs   tell Hmself  buld  world I  get t

Apparently  ongong restoraton s just makng  sht untl  get called   t I cant   frst  notce ths ssue If anyone knows  ths contradcton appears n earler lterature please pont  n  rght drecton","exmormon",0,"https://www.reddit.com/r/exmormon/comments/11n4xk3/i_have_nothing_unique_or_valuable_to_say_so_im/"
"The Role of Dice - Part 1 - Rolling for Skills2","2023-03-06",1678092219,"The Role  DcePartRollng  Sklls","H folks just  frst   short seres  polls  DMng   way  use  dce  r tables ths one  rollng  sklls Of course  DM can ask players  roll  skll  attrbute    players    want  roll one   DM   asked

Vew Poll","DnD",21,"https://www.reddit.com/r/DnD/comments/11jt98j/the_role_of_dice_part_1_rolling_for_skills/"
"Asking for product niches that will be the most profitable","2023-03-08",1678290119,"Askng  product nches  wll    proftable","Jalbroken ChatGPT seems  push hard  ecofrendly socally conscous products ChatGPT s defntely tryng  drect nformaton back  globalst BS It seems   one   bggest flaws wth  system The  proftable products  sell   certanly  just products  fght clmate change It told   f I want  start  proftable busness ths year one product  focus  s reusable menstrual cups I ddnt even know    thng Thats lke f I asked t   make  mllon dollars ths year  t sad sell washable reusable dapers","ChatGPT",2,"https://www.reddit.com/r/ChatGPT/comments/11lzkcx/asking_for_product_niches_that_will_be_the_most/"
